﻿
<DynamicTemplateString>
	<StringID>com.fmi.basedirectory.7826195445DCD6FE3F62D670FB14BEF5</StringID>
	<SourceText>FMDataMigration/</SourceText>
	<TargetText>FMDataMigration/</TargetText>
	<Comment>com.fmi.basedirectory.FMDataMigration/</Comment>
</DynamicTemplateString>

<DynamicTemplateString>
	<StringID>com.fmi.basetable.91723F7FCE9CC3220CD23C831D60F8D0</StringID>
	<SourceText>ic.Migrate</SourceText>
	<TargetText>ic.Migrate</TargetText>
	<Comment>com.fmi.basetable.ic.Migrate</Comment>
</DynamicTemplateString>

<DynamicTemplateString>
	<StringID>com.fmi.basetable.field.ic.Migrate::472850B2B838DE2D63D65372AD546A4D</StringID>
	<SourceText>target.folder</SourceText>
	<TargetText>target.folder</TargetText>
	<Comment>com.fmi.basetable.field.ic.Migrate::target.folder</Comment>
</DynamicTemplateString>

<DynamicTemplateString>
	<StringID>com.fmi.basetable.field.ic.Migrate::7BE09D02C06EFAF256407F8CDB2E324B</StringID>
	<SourceText>clone</SourceText>
	<TargetText>clone</TargetText>
	<Comment>com.fmi.basetable.field.ic.Migrate::clone</Comment>
</DynamicTemplateString>

<DynamicTemplateString>
	<StringID>com.fmi.basetable.field.ic.Migrate::91F127C4B704FC5AC212BA970EB65F39</StringID>
	<SourceText>source</SourceText>
	<TargetText>source</TargetText>
	<Comment>com.fmi.basetable.field.ic.Migrate::source</Comment>
</DynamicTemplateString>

<DynamicTemplateString>
	<StringID>com.fmi.basetable.field.ic.Migrate::96EF77A18A8B1C6CABA62972049F8653</StringID>
	<SourceText>install.FMDataMigration</SourceText>
	<TargetText>install.FMDataMigration</TargetText>
	<Comment>com.fmi.basetable.field.ic.Migrate::install.FMDataMigration</Comment>
</DynamicTemplateString>

<DynamicTemplateString>
	<StringID>com.fmi.basetable.field.ic.Migrate::A5C93A7A964D2B71626A5618C0D80D36</StringID>
	<SourceText>FMDataMigration</SourceText>
	<TargetText>FMDataMigration</TargetText>
	<Comment>com.fmi.basetable.field.ic.Migrate::FMDataMigration</Comment>
</DynamicTemplateString>

<DynamicTemplateString>
	<StringID>com.fmi.basetable.field.ic.Migrate::BF27CA10BA6CC8943349796AD49F4166</StringID>
	<SourceText>result</SourceText>
	<TargetText>result</TargetText>
	<Comment>com.fmi.basetable.field.ic.Migrate::result</Comment>
</DynamicTemplateString>

<DynamicTemplateString>
	<StringID>com.fmi.basetable.field.ic.Migrate::FFB5115282332A329739F7F5E0AD025E</StringID>
	<SourceText>options</SourceText>
	<TargetText>options</TargetText>
	<Comment>com.fmi.basetable.field.ic.Migrate::options</Comment>
</DynamicTemplateString>

<DynamicTemplateString>
	<StringID>com.fmi.calculation.text.007B34B0A9D448FDD493A817D8EE3983</StringID>
	<SourceText>fileName</SourceText>
	<TargetText>fileName</TargetText>
	<Comment>com.fmi.calculation.text.fileName</Comment>
</DynamicTemplateString>

<DynamicTemplateString>
	<StringID>com.fmi.calculation.text.009D4C9CC8095602833D7A43B8CEF77A</StringID>
	<SourceText>&apos; -clone_path &apos;</SourceText>
	<TargetText>&apos; -clone_path &apos;</TargetText>
	<Comment>com.fmi.calculation.text.&apos; -clone_path &apos;</Comment>
</DynamicTemplateString>

<DynamicTemplateString>
	<StringID>com.fmi.calculation.text.01D603771496346D5E94BEFA30FA84FA</StringID>
	<SourceText>WIN<CR/></SourceText>
	<TargetText>WIN<CR/></TargetText>
	<Comment>com.fmi.calculation.text.WIN_CR/_</Comment>
</DynamicTemplateString>

<DynamicTemplateString>
	<StringID>com.fmi.calculation.text.020D8AC62B74BA959ED27F3D0120D298</StringID>
	<SourceText>&apos; </SourceText>
	<TargetText>&apos; </TargetText>
	<Comment>com.fmi.calculation.text.&apos;</Comment>
</DynamicTemplateString>

<DynamicTemplateString>
	<StringID>com.fmi.calculation.text.043A9138813DA7CF13F9D1CBEFB321EC</StringID>
	<SourceText>https://downloads.claris.com/DEVREL/sdk/fm_data_migration_19.4.2.204_ubuntu.zip</SourceText>
	<TargetText>https://downloads.claris.com/DEVREL/sdk/fm_data_migration_19.4.2.204_ubuntu.zip</TargetText>
	<Comment>com.fmi.calculation.text.https://downloads.claris.com/DEVREL/sdk/fm_data_migration_19.4.2.204_ubuntu.zip</Comment>
</DynamicTemplateString>

<DynamicTemplateString>
	<StringID>com.fmi.calculation.text.078360E1B1E406D33F7BC81917A90907</StringID>
	<SourceText>https://community.claris.com/en/s/article/FileMaker-data-migration-tool</SourceText>
	<TargetText>https://community.claris.com/en/s/article/FileMaker-data-migration-tool</TargetText>
	<Comment>com.fmi.calculation.text.https://community.claris.com/en/s/article/FileMaker-data-migration-tool</Comment>
</DynamicTemplateString>

<DynamicTemplateString>
	<StringID>com.fmi.calculation.text.08506605E03FEF0A1E40FF2386D5DC97</StringID>
	<SourceText>Source File Set to:¶</SourceText>
	<TargetText>Source File Set to:¶</TargetText>
	<Comment>com.fmi.calculation.text.Source File Set to:¶</Comment>
</DynamicTemplateString>

<DynamicTemplateString>
	<StringID>com.fmi.calculation.text.08AC7DFF737B67844AB3186081437368</StringID>
	<SourceText>&apos; -src_pwd &apos;</SourceText>
	<TargetText>&apos; -src_pwd &apos;</TargetText>
	<Comment>com.fmi.calculation.text.&apos; -src_pwd &apos;</Comment>
</DynamicTemplateString>

<DynamicTemplateString>
	<StringID>com.fmi.calculation.text.0AB2F9CE64209AF5BB4078E5BD082CE5</StringID>
	<SourceText> -src_pwd </SourceText>
	<TargetText> -src_pwd </TargetText>
	<Comment>com.fmi.calculation.text. -src_pwd</Comment>
</DynamicTemplateString>

<DynamicTemplateString>
	<StringID>com.fmi.calculation.text.1188934A0A02A3341F44900978954A3E</StringID>
	<SourceText>External Size</SourceText>
	<TargetText>External Size</TargetText>
	<Comment>com.fmi.calculation.text.External Size</Comment>
</DynamicTemplateString>

<DynamicTemplateString>
	<StringID>com.fmi.calculation.text.14B9AE020CC4C610720411FEE6D75E29</StringID>
	<SourceText>Install</SourceText>
	<TargetText>Install</TargetText>
	<Comment>com.fmi.calculation.text.Install</Comment>
</DynamicTemplateString>

<DynamicTemplateString>
	<StringID>com.fmi.calculation.text.150A134005D10FF60C6EB88DE11A821E</StringID>
	<SourceText> -target_path </SourceText>
	<TargetText> -target_path </TargetText>
	<Comment>com.fmi.calculation.text. -target_path</Comment>
</DynamicTemplateString>

<DynamicTemplateString>
	<StringID>com.fmi.calculation.text.1B759226EB6991D1214E639EA673D087</StringID>
	<SourceText>?</SourceText>
	<TargetText>?</TargetText>
	<Comment>com.fmi.calculation.text.?</Comment>
</DynamicTemplateString>

<DynamicTemplateString>
	<StringID>com.fmi.calculation.text.22693B885E2AA166100EBCAF0E9AABE3</StringID>
	<SourceText>https://github.com/iCore-Management/Migrate-FMAddOn</SourceText>
	<TargetText>https://github.com/iCore-Management/Migrate-FMAddOn</TargetText>
	<Comment>com.fmi.calculation.text.https://github.com/iCore-Management/Migrate-FMAddOn</Comment>
</DynamicTemplateString>

<DynamicTemplateString>
	<StringID>com.fmi.calculation.text.241E3859A564518E45A954AA28B33D5A</StringID>
	<SourceText>Clone File Set to:¶</SourceText>
	<TargetText>Clone File Set to:¶</TargetText>
	<Comment>com.fmi.calculation.text.Clone File Set to:¶</Comment>
</DynamicTemplateString>

<DynamicTemplateString>
	<StringID>com.fmi.calculation.text.2610833815EB93D906397822ABEE3AC5</StringID>
	<SourceText>Data Migration</SourceText>
	<TargetText>Data Migration</TargetText>
	<Comment>com.fmi.calculation.text.Data Migration</Comment>
</DynamicTemplateString>

<DynamicTemplateString>
	<StringID>com.fmi.calculation.text.2ACD1112FA6CC41D717FB619DB774AF6</StringID>
	<SourceText> | clip</SourceText>
	<TargetText> | clip</TargetText>
	<Comment>com.fmi.calculation.text. | clip</Comment>
</DynamicTemplateString>

<DynamicTemplateString>
	<StringID>com.fmi.calculation.text.2B6D4BFBDC7823138AFEDBE73E2726CB</StringID>
	<SourceText>&apos; -target_path &apos;</SourceText>
	<TargetText>&apos; -target_path &apos;</TargetText>
	<Comment>com.fmi.calculation.text.&apos; -target_path &apos;</Comment>
</DynamicTemplateString>

<DynamicTemplateString>
	<StringID>com.fmi.calculation.text.2D6017955E4154712EC4E6157154C848</StringID>
	<SourceText>Select the distrubtion folder</SourceText>
	<TargetText>Select the distrubtion folder</TargetText>
	<Comment>com.fmi.calculation.text.Select the distrubtion folder</Comment>
</DynamicTemplateString>

<DynamicTemplateString>
	<StringID>com.fmi.calculation.text.30FFDC80DE1047D95827B1BD429E65B9</StringID>
	<SourceText>https://downloads.claris.com/DEVREL/sdk/fm_data_migration_19.4.1.36_win.zip</SourceText>
	<TargetText>https://downloads.claris.com/DEVREL/sdk/fm_data_migration_19.4.1.36_win.zip</TargetText>
	<Comment>com.fmi.calculation.text.https://downloads.claris.com/DEVREL/sdk/fm_data_migration_19.4.1.36_win.zip</Comment>
</DynamicTemplateString>

<DynamicTemplateString>
	<StringID>com.fmi.calculation.text.32EC55D26C4851FB824E8E41E8D80E90</StringID>
	<SourceText> Clone.fmp12</SourceText>
	<TargetText> Clone.fmp12</TargetText>
	<Comment>com.fmi.calculation.text. Clone.fmp12</Comment>
</DynamicTemplateString>

<DynamicTemplateString>
	<StringID>com.fmi.calculation.text.33EFA59096C8774AFD71DD6C651AB58D</StringID>
	<SourceText>Insert Clone File</SourceText>
	<TargetText>Insert Clone File</TargetText>
	<Comment>com.fmi.calculation.text.Insert Clone File</Comment>
</DynamicTemplateString>

<DynamicTemplateString>
	<StringID>com.fmi.calculation.text.3DAA1BE4785EAAEC5E02CB9F4D80AE53</StringID>
	<SourceText>Select Target Folder</SourceText>
	<TargetText>Select Target Folder</TargetText>
	<Comment>com.fmi.calculation.text.Select Target Folder</Comment>
</DynamicTemplateString>

<DynamicTemplateString>
	<StringID>com.fmi.calculation.text.3F724FB7413B64549ACB8A982DE63F7D</StringID>
	<SourceText>\\</SourceText>
	<TargetText>\\</TargetText>
	<Comment>com.fmi.calculation.text.\\</Comment>
</DynamicTemplateString>

<DynamicTemplateString>
	<StringID>com.fmi.calculation.text.45CD7B2226782DECB4521A10613DEF47</StringID>
	<SourceText>MAC<CR/></SourceText>
	<TargetText>MAC<CR/></TargetText>
	<Comment>com.fmi.calculation.text.MAC_CR/_</Comment>
</DynamicTemplateString>

<DynamicTemplateString>
	<StringID>com.fmi.calculation.text.4EECE6136F12D3AF5AF4B41492309D59</StringID>
	<SourceText>https://icoremanagement.com/products</SourceText>
	<TargetText>https://icoremanagement.com/products</TargetText>
	<Comment>com.fmi.calculation.text.https://icoremanagement.com/products</Comment>
</DynamicTemplateString>

<DynamicTemplateString>
	<StringID>com.fmi.calculation.text.4EF92A965A889C8D61412416E06FED1B</StringID>
	<SourceText>do shell script </SourceText>
	<TargetText>do shell script </TargetText>
	<Comment>com.fmi.calculation.text.do shell script</Comment>
</DynamicTemplateString>

<DynamicTemplateString>
	<StringID>com.fmi.calculation.text.4FB50E4FE4A798658F74DFDAA265BEDD</StringID>
	<SourceText>ERROR</SourceText>
	<TargetText>ERROR</TargetText>
	<Comment>com.fmi.calculation.text.ERROR</Comment>
</DynamicTemplateString>

<DynamicTemplateString>
	<StringID>com.fmi.calculation.text.516563918E2C9E010B177406F3889F53</StringID>
	<SourceText> -clone_account </SourceText>
	<TargetText> -clone_account </TargetText>
	<Comment>com.fmi.calculation.text. -clone_account</Comment>
</DynamicTemplateString>

<DynamicTemplateString>
	<StringID>com.fmi.calculation.text.524224D0BC9E782376497F31D4978CF2</StringID>
	<SourceText>FM<CR/></SourceText>
	<TargetText>FM<CR/></TargetText>
	<Comment>com.fmi.calculation.text.FM_CR/_</Comment>
</DynamicTemplateString>

<DynamicTemplateString>
	<StringID>com.fmi.calculation.text.53257B02C4F969CCDF1BD40782007C8C</StringID>
	<SourceText> -src_account </SourceText>
	<TargetText> -src_account </TargetText>
	<Comment>com.fmi.calculation.text. -src_account</Comment>
</DynamicTemplateString>

<DynamicTemplateString>
	<StringID>com.fmi.calculation.text.5388B05378E7317DCF1A46FD3654710E</StringID>
	<SourceText>#FM<CR/></SourceText>
	<TargetText>#FM<CR/></TargetText>
	<Comment>com.fmi.calculation.text.#FM_CR/_</Comment>
</DynamicTemplateString>

<DynamicTemplateString>
	<StringID>com.fmi.calculation.text.58173B78B1661C0D750CAD510FA222FA</StringID>
	<SourceText>Password</SourceText>
	<TargetText>Password</TargetText>
	<Comment>com.fmi.calculation.text.Password</Comment>
</DynamicTemplateString>

<DynamicTemplateString>
	<StringID>com.fmi.calculation.text.5824A8D1DFE47A13EF536E2DBE0F5B21</StringID>
	<SourceText>&apos; -clone_pwd &apos;</SourceText>
	<TargetText>&apos; -clone_pwd &apos;</TargetText>
	<Comment>com.fmi.calculation.text.&apos; -clone_pwd &apos;</Comment>
</DynamicTemplateString>

<DynamicTemplateString>
	<StringID>com.fmi.calculation.text.5C5E1FEEB65D049B290CCFB398534C1F</StringID>
	<SourceText>Pro</SourceText>
	<TargetText>Pro</TargetText>
	<Comment>com.fmi.calculation.text.Pro</Comment>
</DynamicTemplateString>

<DynamicTemplateString>
	<StringID>com.fmi.calculation.text.60CD7256A1AA45C26E4494079607B2DC</StringID>
	<SourceText>The FMDataMigration Tool is required.  The data migration tool is available through the Claris FileMaker Developer Subscription (FDS).  Select its location, or install it from the web.</SourceText>
	<TargetText>The FMDataMigration Tool is required.  The data migration tool is available through the Claris FileMaker Developer Subscription (FDS).  Select its location, or install it from the web.</TargetText>
	<Comment>com.fmi.calculation.text.The FMDataMigration Tool is required.  The data migration tool is available through the Claris FileMaker Developer Subscription (FDS).  Select its location, or install it from the web.</Comment>
</DynamicTemplateString>

<DynamicTemplateString>
	<StringID>com.fmi.calculation.text.6C774BE7DAE6CD53CA194890412BC7C7</StringID>
	<SourceText>Help</SourceText>
	<TargetText>Help</TargetText>
	<Comment>com.fmi.calculation.text.Help</Comment>
</DynamicTemplateString>

<DynamicTemplateString>
	<StringID>com.fmi.calculation.text.6CA01CA4CD2AF338B124AEC55EFFF522</StringID>
	<SourceText>&apos; -clone_account &apos;</SourceText>
	<TargetText>&apos; -clone_account &apos;</TargetText>
	<Comment>com.fmi.calculation.text.&apos; -clone_account &apos;</Comment>
</DynamicTemplateString>

<DynamicTemplateString>
	<StringID>com.fmi.calculation.text.75356C505B3AD5F9AEE19AC84FA87AC8</StringID>
	<SourceText>Select Production File</SourceText>
	<TargetText>Select Production File</TargetText>
	<Comment>com.fmi.calculation.text.Select Production File</Comment>
</DynamicTemplateString>

<DynamicTemplateString>
	<StringID>com.fmi.calculation.text.7BCC7EEC27045FB4CC9344AD8C141F62</StringID>
	<SourceText>Insert Source File</SourceText>
	<TargetText>Insert Source File</TargetText>
	<Comment>com.fmi.calculation.text.Insert Source File</Comment>
</DynamicTemplateString>

<DynamicTemplateString>
	<StringID>com.fmi.calculation.text.7E4D27341DE4B0C5D3FF260462E9C4CB</StringID>
	<SourceText>https://support.claris.com/s/article/New-FileMaker-data-migration-tool</SourceText>
	<TargetText>https://support.claris.com/s/article/New-FileMaker-data-migration-tool</TargetText>
	<Comment>com.fmi.calculation.text.https://support.claris.com/s/article/New-FileMaker-data-migration-tool</Comment>
</DynamicTemplateString>

<DynamicTemplateString>
	<StringID>com.fmi.calculation.text.82D4DD2FA8A2C80B79EFC511BA1432DD</StringID>
	<SourceText>target</SourceText>
	<TargetText>target</TargetText>
	<Comment>com.fmi.calculation.text.target</Comment>
</DynamicTemplateString>

<DynamicTemplateString>
	<StringID>com.fmi.calculation.text.85E7FAC9CF6B30F7FA671059EA608CF5</StringID>
	<SourceText>All Files</SourceText>
	<TargetText>All Files</TargetText>
	<Comment>com.fmi.calculation.text.All Files</Comment>
</DynamicTemplateString>

<DynamicTemplateString>
	<StringID>com.fmi.calculation.text.87BF18990BAC05BC994352E95DDA9704</StringID>
	<SourceText>https://downloads.claris.com/DEVREL/sdk/fm_data_migration_19.4.1.36_mac.zip</SourceText>
	<TargetText>https://downloads.claris.com/DEVREL/sdk/fm_data_migration_19.4.1.36_mac.zip</TargetText>
	<Comment>com.fmi.calculation.text.https://downloads.claris.com/DEVREL/sdk/fm_data_migration_19.4.1.36_mac.zip</Comment>
</DynamicTemplateString>

<DynamicTemplateString>
	<StringID>com.fmi.calculation.text.885BF69DC0168F3624435346D7BF4836</StringID>
	<SourceText>/</SourceText>
	<TargetText>/</TargetText>
	<Comment>com.fmi.calculation.text./</Comment>
</DynamicTemplateString>

<DynamicTemplateString>
	<StringID>com.fmi.calculation.text.8B572352AB1F909AC17BCDBA45CCAAFC</StringID>
	<SourceText>Clone Current File</SourceText>
	<TargetText>Clone Current File</TargetText>
	<Comment>com.fmi.calculation.text.Clone Current File</Comment>
</DynamicTemplateString>

<DynamicTemplateString>
	<StringID>com.fmi.calculation.text.8E792621C75980180D67F8EF8D2C0BAF</StringID>
	<SourceText>FMDataMigration.zip</SourceText>
	<TargetText>FMDataMigration.zip</TargetText>
	<Comment>com.fmi.calculation.text.FMDataMigration.zip</Comment>
</DynamicTemplateString>

<DynamicTemplateString>
	<StringID>com.fmi.calculation.text.9286618FE0B2C104A3FBBEC4C6CD20A4</StringID>
	<SourceText> </SourceText>
	<TargetText> </TargetText>
	<Comment>com.fmi.calculation.text.</Comment>
</DynamicTemplateString>

<DynamicTemplateString>
	<StringID>com.fmi.calculation.text.93173686B924EB4E1A7D63A9C3414CBC</StringID>
	<SourceText> MAC ONLY </SourceText>
	<TargetText> MAC ONLY </TargetText>
	<Comment>com.fmi.calculation.text. MAC ONLY</Comment>
</DynamicTemplateString>

<DynamicTemplateString>
	<StringID>com.fmi.calculation.text.939E506415F0B2B0B37C666F7D142D6B</StringID>
	<SourceText>iCore Migrate</SourceText>
	<TargetText>iCore Migrate</TargetText>
	<Comment>com.fmi.calculation.text.iCore Migrate</Comment>
</DynamicTemplateString>

<DynamicTemplateString>
	<StringID>com.fmi.calculation.text.994BD10B048CE3EEA70DF0448145D466</StringID>
	<SourceText>FMDataMigration/FMDataMigration</SourceText>
	<TargetText>FMDataMigration/FMDataMigration</TargetText>
	<Comment>com.fmi.calculation.text.FMDataMigration/FMDataMigration</Comment>
</DynamicTemplateString>

<DynamicTemplateString>
	<StringID>com.fmi.calculation.text.9C6BAC5DD65E06C66F59C3B0A69CDF49</StringID>
	<SourceText> Migrated.fmp12</SourceText>
	<TargetText> Migrated.fmp12</TargetText>
	<Comment>com.fmi.calculation.text. Migrated.fmp12</Comment>
</DynamicTemplateString>

<DynamicTemplateString>
	<StringID>com.fmi.calculation.text.9D08FACFEC420DD23C5DAF023C19FD0A</StringID>
	<SourceText>Migrate Data</SourceText>
	<TargetText>Migrate Data</TargetText>
	<Comment>com.fmi.calculation.text.Migrate Data</Comment>
</DynamicTemplateString>

<DynamicTemplateString>
	<StringID>com.fmi.calculation.text.9F9AEED9E8A06FA9A0227F2C5A5EB4AD</StringID>
	<SourceText> FILEMAKER PRO ONLY </SourceText>
	<TargetText> FILEMAKER PRO ONLY </TargetText>
	<Comment>com.fmi.calculation.text. FILEMAKER PRO ONLY</Comment>
</DynamicTemplateString>

<DynamicTemplateString>
	<StringID>com.fmi.calculation.text.A03A522E8AB39F197B69974CEF5AAEE9</StringID>
	<SourceText>https://icoremanagement.com</SourceText>
	<TargetText>https://icoremanagement.com</TargetText>
	<Comment>com.fmi.calculation.text.https://icoremanagement.com</Comment>
</DynamicTemplateString>

<DynamicTemplateString>
	<StringID>com.fmi.calculation.text.A0F243D35882622EDDBBE37164A22C81</StringID>
	<SourceText>OPEN</SourceText>
	<TargetText>OPEN</TargetText>
	<Comment>com.fmi.calculation.text.OPEN</Comment>
</DynamicTemplateString>

<DynamicTemplateString>
	<StringID>com.fmi.calculation.text.A2CB42FF59AC9336B164C65219C16DE8</StringID>
	<SourceText>Source File</SourceText>
	<TargetText>Source File</TargetText>
	<Comment>com.fmi.calculation.text.Source File</Comment>
</DynamicTemplateString>

<DynamicTemplateString>
	<StringID>com.fmi.calculation.text.A39DE0507BC749BEE488B34E21ADD19A</StringID>
	<SourceText>FMDataMigration Tool</SourceText>
	<TargetText>FMDataMigration Tool</TargetText>
	<Comment>com.fmi.calculation.text.FMDataMigration Tool</Comment>
</DynamicTemplateString>

<DynamicTemplateString>
	<StringID>com.fmi.calculation.text.A3C80E26A48812C7173545800756CD65</StringID>
	<SourceText>Choose Source for Data Migration</SourceText>
	<TargetText>Choose Source for Data Migration</TargetText>
	<Comment>com.fmi.calculation.text.Choose Source for Data Migration</Comment>
</DynamicTemplateString>

<DynamicTemplateString>
	<StringID>com.fmi.calculation.text.A6A423DF9AE03788ABBEBB170698428B</StringID>
	<SourceText><CR/>Let ( [<CR/><TAB/>~path = Case ( not IsEmpty ( $$_target ); $$_target; <CR/><TAB/><TAB/>ic.Migrate::target.folder );<CR/>//<TAB/>$$_target = &quot;&quot;;<CR/><CR/><CR/><TAB/>~delimiter = Case ( Get ( SystemPlatform ) &lt;&gt; -2; &quot;/&quot;; &quot;\\&quot; );<CR/><TAB/>~folder = Case ( <CR/><TAB/><TAB/>IsEmpty ( ~path ); Left ( $_clone ; Position ( $_clone ; ~delimiter  ; Length ( $_clone ) ; -1 ) ); <CR/>//<TAB/><TAB/>Get ( SystemPlatform ) &lt;&gt; -2; ConvertFromFileMakerPath ( ~path; PosixPath );<CR/><TAB/><TAB/>~path );<CR/><CR/><CR/><TAB/>_folder = Case ( IsEmpty ( ~path ) and Get ( SystemPlatform ) &lt;&gt; -2; ConvertFromFileMakerPath ( ~folder; PosixPath ); ~folder );<CR/><CR/><CR/><TAB/>~target = ~folder &amp; $_fileName<CR/><CR/>];<CR/><CR/><CR/><TAB/>Case ( ~target = $_source or ~target = $_clone; Substitute ( ~target ; &quot;.fmp12&quot;; &quot; Migrated.fmp12&quot; ); <CR/><TAB/><TAB/>~target )<CR/><CR/>)</SourceText>
	<TargetText><CR/>Let ( [<CR/><TAB/>~path = Case ( not IsEmpty ( $$_target ); $$_target; <CR/><TAB/><TAB/>ic.Migrate::target.folder );<CR/>//<TAB/>$$_target = &quot;&quot;;<CR/><CR/><CR/><TAB/>~delimiter = Case ( Get ( SystemPlatform ) &lt;&gt; -2; &quot;/&quot;; &quot;\\&quot; );<CR/><TAB/>~folder = Case ( <CR/><TAB/><TAB/>IsEmpty ( ~path ); Left ( $_clone ; Position ( $_clone ; ~delimiter  ; Length ( $_clone ) ; -1 ) ); <CR/>//<TAB/><TAB/>Get ( SystemPlatform ) &lt;&gt; -2; ConvertFromFileMakerPath ( ~path; PosixPath );<CR/><TAB/><TAB/>~path );<CR/><CR/><CR/><TAB/>_folder = Case ( IsEmpty ( ~path ) and Get ( SystemPlatform ) &lt;&gt; -2; ConvertFromFileMakerPath ( ~folder; PosixPath ); ~folder );<CR/><CR/><CR/><TAB/>~target = ~folder &amp; $_fileName<CR/><CR/>];<CR/><CR/><CR/><TAB/>Case ( ~target = $_source or ~target = $_clone; Substitute ( ~target ; &quot;.fmp12&quot;; &quot; Migrated.fmp12&quot; ); <CR/><TAB/><TAB/>~target )<CR/><CR/>)</TargetText>
	<Comment>com.fmi.calculation.text._CR/_Let ( [_CR/__TAB/_~path = Case ( not IsEmpty ( $$_target ); $$_target; _CR/__TAB/__TAB/_ic.Migrate::target.folder );_CR/_//_TAB/_$$_target = &quot;&quot;;_CR/__CR/__CR/__TAB/_~delimiter = Case ( Get ( SystemPlatform ) &lt;&gt; -2; &quot;/&quot;; &quot;\\&quot; );_CR/__TAB/_~folder = Case ( _CR/__TAB/__TAB/_IsEmpty ( ~path ); Left ( $_clone ; Position ( $_clone ; ~delimiter  ; Length ( $_clone ) ; -1 ) ); _CR/_//_TAB/__TAB/_Get ( SystemPlatform ) &lt;&gt; -2; ConvertFromFileMakerPath ( ~path; PosixPath );_CR/__TAB/__TAB/_~path );_CR/__CR/__CR/__TAB/__folder = Case ( IsEmpty ( ~path ) and Get ( SystemPlatform ) &lt;&gt; -2; ConvertFromFileMakerPath ( ~folder; PosixPath ); ~folder );_CR/__CR/__CR/__TAB/_~target = ~folder &amp; $_fileName_CR/__CR/_];_CR/__CR/__CR/__TAB/_Case ( ~target = $_source or ~target = $_clone; Substitute ( ~target ; &quot;.fmp12&quot;; &quot; Migrated.fmp12&quot; ); _CR/__TAB/__TAB/_~target )_CR/__CR/_)</Comment>
</DynamicTemplateString>

<DynamicTemplateString>
	<StringID>com.fmi.calculation.text.A806ED8A654A59A6BB574FA3BE56BE5F</StringID>
	<SourceText>WINDOWS</SourceText>
	<TargetText>WINDOWS</TargetText>
	<Comment>com.fmi.calculation.text.WINDOWS</Comment>
</DynamicTemplateString>

<DynamicTemplateString>
	<StringID>com.fmi.calculation.text.AC7888B48C3FAB1C22FD29FD636437F1</StringID>
	<SourceText>MAC</SourceText>
	<TargetText>MAC</TargetText>
	<Comment>com.fmi.calculation.text.MAC</Comment>
</DynamicTemplateString>

<DynamicTemplateString>
	<StringID>com.fmi.calculation.text.AD70B4AA73C77EBBCB89F60E935F54FB</StringID>
	<SourceText>set the clipboard to do shell script </SourceText>
	<TargetText>set the clipboard to do shell script </TargetText>
	<Comment>com.fmi.calculation.text.set the clipboard to do shell script</Comment>
</DynamicTemplateString>

<DynamicTemplateString>
	<StringID>com.fmi.calculation.text.B128394EC6F675E7942CDE98FDB782A4</StringID>
	<SourceText> -src_path </SourceText>
	<TargetText> -src_path </TargetText>
	<Comment>com.fmi.calculation.text. -src_path</Comment>
</DynamicTemplateString>

<DynamicTemplateString>
	<StringID>com.fmi.calculation.text.B87FC50807E73AB6343A1D9A07B1321B</StringID>
	<SourceText>FileMaker Pro</SourceText>
	<TargetText>FileMaker Pro</TargetText>
	<Comment>com.fmi.calculation.text.FileMaker Pro</Comment>
</DynamicTemplateString>

<DynamicTemplateString>
	<StringID>com.fmi.calculation.text.BD207BEE995E01B61F7CE2B7F22394B1</StringID>
	<SourceText> LOCAL ONLY </SourceText>
	<TargetText> LOCAL ONLY </TargetText>
	<Comment>com.fmi.calculation.text. LOCAL ONLY</Comment>
</DynamicTemplateString>

<DynamicTemplateString>
	<StringID>com.fmi.calculation.text.BE3E6CB8A418D3680E742AA84175D7A1</StringID>
	<SourceText>Enter an account and password of a local user with access to migrate data.</SourceText>
	<TargetText>Enter an account and password of a local user with access to migrate data.</TargetText>
	<Comment>com.fmi.calculation.text.Enter an account and password of a local user with access to migrate data.</Comment>
</DynamicTemplateString>

<DynamicTemplateString>
	<StringID>com.fmi.calculation.text.C7FC1AC1F456EF08F68D500B571D7E34</StringID>
	<SourceText>Select the file with production data to be migrated.</SourceText>
	<TargetText>Select the file with production data to be migrated.</TargetText>
	<Comment>com.fmi.calculation.text.Select the file with production data to be migrated.</Comment>
</DynamicTemplateString>

<DynamicTemplateString>
	<StringID>com.fmi.calculation.text.CFEF3C348A8A3F2134F8D4CE20FCD241</StringID>
	<SourceText>UBUNTU</SourceText>
	<TargetText>UBUNTU</TargetText>
	<Comment>com.fmi.calculation.text.UBUNTU</Comment>
</DynamicTemplateString>

<DynamicTemplateString>
	<StringID>com.fmi.calculation.text.D4F0487C1B249977538586982381BEDA</StringID>
	<SourceText>Clone File</SourceText>
	<TargetText>Clone File</TargetText>
	<Comment>com.fmi.calculation.text.Clone File</Comment>
</DynamicTemplateString>

<DynamicTemplateString>
	<StringID>com.fmi.calculation.text.D51F29EEFDA76C5587E6882C3E0F1940</StringID>
	<SourceText> -clone_path </SourceText>
	<TargetText> -clone_path </TargetText>
	<Comment>com.fmi.calculation.text. -clone_path</Comment>
</DynamicTemplateString>

<DynamicTemplateString>
	<StringID>com.fmi.calculation.text.D555EEA28A6F35686D7BB845DFBD8259</StringID>
	<SourceText>Feedback on GitHub</SourceText>
	<TargetText>Feedback on GitHub</TargetText>
	<Comment>com.fmi.calculation.text.Feedback on GitHub</Comment>
</DynamicTemplateString>

<DynamicTemplateString>
	<StringID>com.fmi.calculation.text.DB55169D5CFECBDCC91C05CC1DE72CF4</StringID>
	<SourceText>.fmp12</SourceText>
	<TargetText>.fmp12</TargetText>
	<Comment>com.fmi.calculation.text..fmp12</Comment>
</DynamicTemplateString>

<DynamicTemplateString>
	<StringID>com.fmi.calculation.text.DB7A0A69944ABDFCDB0077522FB5B3C9</StringID>
	<SourceText>Unable to download the FMDataMigration Tool from the web ( requires Claris Developer Subscription ).  Install it manually, and then select the installation during the migration process.</SourceText>
	<TargetText>Unable to download the FMDataMigration Tool from the web ( requires Claris Developer Subscription ).  Install it manually, and then select the installation during the migration process.</TargetText>
	<Comment>com.fmi.calculation.text.Unable to download the FMDataMigration Tool from the web ( requires Claris Developer Subscription ).  Install it manually, and then select the installation during the migration process.</Comment>
</DynamicTemplateString>

<DynamicTemplateString>
	<StringID>com.fmi.calculation.text.DD1B9A42CD9611FBB37AB9584A5560CA</StringID>
	<SourceText>[Full Access]</SourceText>
	<TargetText>[Full Access]</TargetText>
	<Comment>com.fmi.calculation.text.[Full Access]</Comment>
</DynamicTemplateString>

<DynamicTemplateString>
	<StringID>com.fmi.calculation.text.DE269F664383008B15D9CE70CC0C53D8</StringID>
	<SourceText>Insert Production File</SourceText>
	<TargetText>Insert Production File</TargetText>
	<Comment>com.fmi.calculation.text.Insert Production File</Comment>
</DynamicTemplateString>

<DynamicTemplateString>
	<StringID>com.fmi.calculation.text.E1278DDC7CC156912CBF94EC1EA01DBF</StringID>
	<SourceText>UBUNTU<CR/></SourceText>
	<TargetText>UBUNTU<CR/></TargetText>
	<Comment>com.fmi.calculation.text.UBUNTU_CR/_</Comment>
</DynamicTemplateString>

<DynamicTemplateString>
	<StringID>com.fmi.calculation.text.E165339CFC7F672B5BBD5479AA92A4FB</StringID>
	<SourceText> -clone_pwd </SourceText>
	<TargetText> -clone_pwd </TargetText>
	<Comment>com.fmi.calculation.text. -clone_pwd</Comment>
</DynamicTemplateString>

<DynamicTemplateString>
	<StringID>com.fmi.calculation.text.E3D43BB3B4F454D8698A121A9CC7B83E</StringID>
	<SourceText> -</SourceText>
	<TargetText> -</TargetText>
	<Comment>com.fmi.calculation.text. -</Comment>
</DynamicTemplateString>

<DynamicTemplateString>
	<StringID>com.fmi.calculation.text.ED87546DE39D4B36D785395417C9FF9F</StringID>
	<SourceText>&apos; -src_account &apos;</SourceText>
	<TargetText>&apos; -src_account &apos;</TargetText>
	<Comment>com.fmi.calculation.text.&apos; -src_account &apos;</Comment>
</DynamicTemplateString>

<DynamicTemplateString>
	<StringID>com.fmi.calculation.text.EECE2E542B0CDCE586A27B7931BA8BF0</StringID>
	<SourceText>¶</SourceText>
	<TargetText>¶</TargetText>
	<Comment>com.fmi.calculation.text.¶</Comment>
</DynamicTemplateString>

<DynamicTemplateString>
	<StringID>com.fmi.calculation.text.F4EED65B7D0DF5A2D3B6B07F8C973297</StringID>
	<SourceText>Account</SourceText>
	<TargetText>Account</TargetText>
	<Comment>com.fmi.calculation.text.Account</Comment>
</DynamicTemplateString>

<DynamicTemplateString>
	<StringID>com.fmi.calculation.text.F53C086195A1E009782B3A9AB75AAEC8</StringID>
	<SourceText>External Files</SourceText>
	<TargetText>External Files</TargetText>
	<Comment>com.fmi.calculation.text.External Files</Comment>
</DynamicTemplateString>

<DynamicTemplateString>
	<StringID>com.fmi.calculation.text.F98095932A87C18748F4B1BFAB3A7D2F</StringID>
	<SourceText> FULL ACCESS REQUIRED </SourceText>
	<TargetText> FULL ACCESS REQUIRED </TargetText>
	<Comment>com.fmi.calculation.text. FULL ACCESS REQUIRED</Comment>
</DynamicTemplateString>

<DynamicTemplateString>
	<StringID>com.fmi.calculation.text.FA11D295B5CA1E882382F2C8695C9C31</StringID>
	<SourceText>Claris FileMaker Data Migration TOol</SourceText>
	<TargetText>Claris FileMaker Data Migration TOol</TargetText>
	<Comment>com.fmi.calculation.text.Claris FileMaker Data Migration TOol</Comment>
</DynamicTemplateString>

<DynamicTemplateString>
	<StringID>com.fmi.calculation.text.FA9DBFD43FB5985D62E7787708001C9D</StringID>
	<SourceText>FileMaker Files</SourceText>
	<TargetText>FileMaker Files</TargetText>
	<Comment>com.fmi.calculation.text.FileMaker Files</Comment>
</DynamicTemplateString>

<DynamicTemplateString>
	<StringID>com.fmi.calculation.text.FC1EB4359306B14C02BB2C972161F116</StringID>
	<SourceText>Install Data Migration Tool</SourceText>
	<TargetText>Install Data Migration Tool</TargetText>
	<Comment>com.fmi.calculation.text.Install Data Migration Tool</Comment>
</DynamicTemplateString>

<DynamicTemplateString>
	<StringID>com.fmi.calculation.text.FC680031D4F468D6DEE286EB8FB5F156</StringID>
	<SourceText>Option Details</SourceText>
	<TargetText>Option Details</TargetText>
	<Comment>com.fmi.calculation.text.Option Details</Comment>
</DynamicTemplateString>

<DynamicTemplateString>
	<StringID>com.fmi.calculation.text.FD5A4C7E961BDBDA16BFC5817738051B</StringID>
	<SourceText> -src_path &apos;</SourceText>
	<TargetText> -src_path &apos;</TargetText>
	<Comment>com.fmi.calculation.text. -src_path &apos;</Comment>
</DynamicTemplateString>

<DynamicTemplateString>
	<StringID>com.fmi.layout.95F05660AB4C68E26E9590DBAAB88B4B</StringID>
	<SourceText>Migrate</SourceText>
	<TargetText>Migrate</TargetText>
	<Comment>com.fmi.layout.Migrate</Comment>
</DynamicTemplateString>

<DynamicTemplateString>
	<StringID>com.fmi.layout.folder.939E506415F0B2B0B37C666F7D142D6B</StringID>
	<SourceText>iCore Migrate</SourceText>
	<TargetText>iCore Migrate</TargetText>
	<Comment>com.fmi.layout.folder.iCore Migrate</Comment>
</DynamicTemplateString>

<DynamicTemplateString>
	<StringID>com.fmi.layoutobject.1F3A04386206C324064E1BC338DCE957</StringID>
	<SourceText>Migrate.[&lt;^FMXML_AddonInstanceUUID&gt;]</SourceText>
	<TargetText>Migrate.[&lt;^FMXML_AddonInstanceUUID&gt;]</TargetText>
	<Comment>com.fmi.layoutobject.Migrate.[&lt;^FMXML_AddonInstanceUUID&gt;]</Comment>
</DynamicTemplateString>

<DynamicTemplateString>
	<StringID>com.fmi.layoutobject.82D4DD2FA8A2C80B79EFC511BA1432DD</StringID>
	<SourceText>target</SourceText>
	<TargetText>target</TargetText>
	<Comment>com.fmi.layoutobject.target</Comment>
</DynamicTemplateString>

<DynamicTemplateString>
	<StringID>com.fmi.layoutobject.text.337195E1F8FA437D6AD462106115E6D3</StringID>
	<SourceText>Development</SourceText>
	<TargetText>Development</TargetText>
	<Comment>com.fmi.layoutobject.text.Development</Comment>
</DynamicTemplateString>

<DynamicTemplateString>
	<StringID>com.fmi.layoutobject.text.393911058AAB94CC7A519ECC90C9D881</StringID>
	<SourceText>Select the target folder for the migrated file below.  Migrate will move data from the Production File into the clone of Development File and save the result in the Target Folder.</SourceText>
	<TargetText>Select the target folder for the migrated file below.  Migrate will move data from the Production File into the clone of Development File and save the result in the Target Folder.</TargetText>
	<Comment>com.fmi.layoutobject.text.Select the target folder for the migrated file below.  Migrate will move data from the Production File into the clone of Development File and save the result in the Target Folder.</Comment>
</DynamicTemplateString>

<DynamicTemplateString>
	<StringID>com.fmi.layoutobject.text.3E3CF52702139E850E5066F9BF20CDE0</StringID>
	<SourceText>-force; to overwrite the existing file in the target folder<CR/>-ignore_valuelists; uses dev clone value lists<CR/>-ignore_accounts; uses dev clone accounts<CR/>-ignore_fonts; doesn&apos;t check font mapping for field contents<CR/>-rebuildindexes; rebuilds indexes from scratch, 19.1.3<CR/>-reevaluate; all &apos;stored&apos; calculations are re-evaluated, 19.1.3<CR/>-v; verbose mode, for [Full Access] accounts<CR/>-q; no report generated during migration</SourceText>
	<TargetText>-force; to overwrite the existing file in the target folder<CR/>-ignore_valuelists; uses dev clone value lists<CR/>-ignore_accounts; uses dev clone accounts<CR/>-ignore_fonts; doesn&apos;t check font mapping for field contents<CR/>-rebuildindexes; rebuilds indexes from scratch, 19.1.3<CR/>-reevaluate; all &apos;stored&apos; calculations are re-evaluated, 19.1.3<CR/>-v; verbose mode, for [Full Access] accounts<CR/>-q; no report generated during migration</TargetText>
	<Comment>com.fmi.layoutobject.text.-force; to overwrite the existing file in the target folder_CR/_-ignore_valuelists; uses dev clone value lists_CR/_-ignore_accounts; uses dev clone accounts_CR/_-ignore_fonts; doesn&apos;t check font mapping for field contents_CR/_-rebuildindexes; rebuilds indexes from scratch, 19.1.3_CR/_-reevaluate; all &apos;stored&apos; calculations are re-evaluated, 19.1.3_CR/_-v; verbose mode, for [Full Access] accounts_CR/_-q; no report generated during migration</Comment>
</DynamicTemplateString>

<DynamicTemplateString>
	<StringID>com.fmi.layoutobject.text.7D5D6D4FAF5ABF2AF9DD208822F34E37</StringID>
	<SourceText>Production</SourceText>
	<TargetText>Production</TargetText>
	<Comment>com.fmi.layoutobject.text.Production</Comment>
</DynamicTemplateString>

<DynamicTemplateString>
	<StringID>com.fmi.layoutobject.text.939E506415F0B2B0B37C666F7D142D6B</StringID>
	<SourceText>iCore Migrate</SourceText>
	<TargetText>iCore Migrate</TargetText>
	<Comment>com.fmi.layoutobject.text.iCore Migrate</Comment>
</DynamicTemplateString>

<DynamicTemplateString>
	<StringID>com.fmi.layoutobject.text.95F05660AB4C68E26E9590DBAAB88B4B</StringID>
	<SourceText>Migrate</SourceText>
	<TargetText>Migrate</TargetText>
	<Comment>com.fmi.layoutobject.text.Migrate</Comment>
</DynamicTemplateString>

<DynamicTemplateString>
	<StringID>com.fmi.layoutobject.text.96EF77A18A8B1C6CABA62972049F8653</StringID>
	<SourceText>install.FMDataMigration</SourceText>
	<TargetText>install.FMDataMigration</TargetText>
	<Comment>com.fmi.layoutobject.text.install.FMDataMigration</Comment>
</DynamicTemplateString>

<DynamicTemplateString>
	<StringID>com.fmi.layoutobject.text.991D77F5D4BABB45CF4A470ABF393D94</StringID>
	<SourceText>https://iCoreManagement.com/products/Migrate</SourceText>
	<TargetText>https://iCoreManagement.com/products/Migrate</TargetText>
	<Comment>com.fmi.layoutobject.text.https://iCoreManagement.com/products/Migrate</Comment>
</DynamicTemplateString>

<DynamicTemplateString>
	<StringID>com.fmi.layoutobject.text.A5C93A7A964D2B71626A5618C0D80D36</StringID>
	<SourceText>FMDataMigration</SourceText>
	<TargetText>FMDataMigration</TargetText>
	<Comment>com.fmi.layoutobject.text.FMDataMigration</Comment>
</DynamicTemplateString>

<DynamicTemplateString>
	<StringID>com.fmi.layoutobject.text.A7903D658DC2E001BF3B3399A45D163F</StringID>
	<SourceText>Target</SourceText>
	<TargetText>Target</TargetText>
	<Comment>com.fmi.layoutobject.text.Target</Comment>
</DynamicTemplateString>

<DynamicTemplateString>
	<StringID>com.fmi.layoutobject.text.AE151E1C15A78E7BA0AC9D96D36C4319</StringID>
	<SourceText>This tool will migrate data from the production file to an empty clone as a new release ready for production.  This relies on the FMDataMigration Tool. This tool migrates all data tables, accounts, and value lists from the source production version to the empty clone.</SourceText>
	<TargetText>This tool will migrate data from the production file to an empty clone as a new release ready for production.  This relies on the FMDataMigration Tool. This tool migrates all data tables, accounts, and value lists from the source production version to the empty clone.</TargetText>
	<Comment>com.fmi.layoutobject.text.This tool will migrate data from the production file to an empty clone as a new release ready for production.  This relies on the FMDataMigration Tool. This tool migrates all data tables, accounts, and value lists from the source production version to the empty clone.</Comment>
</DynamicTemplateString>

<DynamicTemplateString>
	<StringID>com.fmi.layoutobject.text.BF9C01CB89A5C2228A1F186EBE38D782</StringID>
	<SourceText>Options</SourceText>
	<TargetText>Options</TargetText>
	<Comment>com.fmi.layoutobject.text.Options</Comment>
</DynamicTemplateString>

<DynamicTemplateString>
	<StringID>com.fmi.layoutobject.text.DD326D591B2E3B2D7D3673EA7C4ECBC0</StringID>
	<SourceText>Select the development file below. The Development File is a clone of the current development version ready for release to production.  Leave blank to create a clone of this file.  The Development File must be closed. An account with [Full Access] or the &quot;fmmigration&quot; extended privilege set is required.</SourceText>
	<TargetText>Select the development file below. The Development File is a clone of the current development version ready for release to production.  Leave blank to create a clone of this file.  The Development File must be closed. An account with [Full Access] or the &quot;fmmigration&quot; extended privilege set is required.</TargetText>
	<Comment>com.fmi.layoutobject.text.Select the development file below. The Development File is a clone of the current development version ready for release to production.  Leave blank to create a clone of this file.  The Development File must be closed. An account with [Full Access] or the &quot;fmmigration&quot; extended privilege set is required.</Comment>
</DynamicTemplateString>

<DynamicTemplateString>
	<StringID>com.fmi.layoutobject.text.E2980EE6F1B7F21C486486A5757AB177</StringID>
	<SourceText>Select the production file below. The Production File has the latest production data that is to be migrated into the Development File.  The Production File must be closed. An account with [Full Access] or the &quot;fmmigration&quot; extended privilege set is required.</SourceText>
	<TargetText>Select the production file below. The Production File has the latest production data that is to be migrated into the Development File.  The Production File must be closed. An account with [Full Access] or the &quot;fmmigration&quot; extended privilege set is required.</TargetText>
	<Comment>com.fmi.layoutobject.text.Select the production file below. The Production File has the latest production data that is to be migrated into the Development File.  The Production File must be closed. An account with [Full Access] or the &quot;fmmigration&quot; extended privilege set is required.</Comment>
</DynamicTemplateString>

<DynamicTemplateString>
	<StringID>com.fmi.script.5DFCC537845DE8B2E9224B44A3C1F02C</StringID>
	<SourceText>ic.migrate</SourceText>
	<TargetText>ic.migrate</TargetText>
	<Comment>com.fmi.script.ic.migrate</Comment>
</DynamicTemplateString>

<DynamicTemplateString>
	<StringID>com.fmi.script.folder.939E506415F0B2B0B37C666F7D142D6B</StringID>
	<SourceText>iCore Migrate</SourceText>
	<TargetText>iCore Migrate</TargetText>
	<Comment>com.fmi.script.folder.iCore Migrate</Comment>
</DynamicTemplateString>

<DynamicTemplateString>
	<StringID>com.fmi.scriptstep.text.0B8E5A9E7128060BB1B1C7FFB9C45F13</StringID>
	<SourceText>The account must be local, and have [Full Access] or the fmmigration extended privilege to the clone and production files.</SourceText>
	<TargetText>The account must be local, and have [Full Access] or the fmmigration extended privilege to the clone and production files.</TargetText>
	<Comment>com.fmi.scriptstep.text.The account must be local, and have [Full Access] or the fmmigration extended privilege to the clone and production files.</Comment>
</DynamicTemplateString>

<DynamicTemplateString>
	<StringID>com.fmi.scriptstep.text.1BBD2E2302D5734C464DF98D0DB3B59A</StringID>
	<SourceText>### FILE ACCESS ###</SourceText>
	<TargetText>### FILE ACCESS ###</TargetText>
	<Comment>com.fmi.scriptstep.text.### FILE ACCESS ###</Comment>
</DynamicTemplateString>

<DynamicTemplateString>
	<StringID>com.fmi.scriptstep.text.305DB0430F8170B83F67E74AE4DF5F31</StringID>
	<SourceText>### TARGET FOLDER ###</SourceText>
	<TargetText>### TARGET FOLDER ###</TargetText>
	<Comment>com.fmi.scriptstep.text.### TARGET FOLDER ###</Comment>
</DynamicTemplateString>

<DynamicTemplateString>
	<StringID>com.fmi.scriptstep.text.4247EF3ED3F1DAEB9F4323627BF2B42D</StringID>
	<SourceText>The URL to download the FMDataMigration Tool</SourceText>
	<TargetText>The URL to download the FMDataMigration Tool</TargetText>
	<Comment>com.fmi.scriptstep.text.The URL to download the FMDataMigration Tool</Comment>
</DynamicTemplateString>

<DynamicTemplateString>
	<StringID>com.fmi.scriptstep.text.535FC8A72EE2554B79EDC191DBF27989</StringID>
	<SourceText>.exe for windows?</SourceText>
	<TargetText>.exe for windows?</TargetText>
	<Comment>com.fmi.scriptstep.text..exe for windows?</Comment>
</DynamicTemplateString>

<DynamicTemplateString>
	<StringID>com.fmi.scriptstep.text.7A6D4EE28B1F35AABEE5D499D10BF7A9</StringID>
	<SourceText>ADDON SAVES ITS OWN CLONE NEXT TO CURRENT FILE</SourceText>
	<TargetText>ADDON SAVES ITS OWN CLONE NEXT TO CURRENT FILE</TargetText>
	<Comment>com.fmi.scriptstep.text.ADDON SAVES ITS OWN CLONE NEXT TO CURRENT FILE</Comment>
</DynamicTemplateString>

<DynamicTemplateString>
	<StringID>com.fmi.scriptstep.text.857DC0AE86F6314C208A737E1630168E</StringID>
	<SourceText>### HEADER ###<CR/><TAB/>Purpose: Manage the FMData Migration Process<CR/><CR/><TAB/>Inputs: <CR/><TAB/><TAB/>Parameters: <CR/><TAB/><TAB/><TAB/>&quot;Open&quot; (optional) to open the Mirgation AddOn<CR/><TAB/><TAB/><TAB/>&quot;Install&quot; (optional) to install the FMDataMigration tool<CR/><TAB/><TAB/>Fields: <CR/><TAB/><TAB/><TAB/>Source reference file<CR/><TAB/><TAB/><TAB/>Clone reference file (optional) [Default: create new clone]<CR/><TAB/><TAB/><TAB/>FMDataMigration tool reference file<CR/><TAB/><TAB/><TAB/>Target reference folder (optional) [Default: next to clone]<CR/><TAB/>Outputs: CLI command<CR/><CR/><CR/><TAB/>Version: 0.9<CR/><TAB/>Notes: The CLI command includes the account and password used in the migration process in plain text<CR/><CR/>### HEADER ###</SourceText>
	<TargetText>### HEADER ###<CR/><TAB/>Purpose: Manage the FMData Migration Process<CR/><CR/><TAB/>Inputs: <CR/><TAB/><TAB/>Parameters: <CR/><TAB/><TAB/><TAB/>&quot;Open&quot; (optional) to open the Mirgation AddOn<CR/><TAB/><TAB/><TAB/>&quot;Install&quot; (optional) to install the FMDataMigration tool<CR/><TAB/><TAB/>Fields: <CR/><TAB/><TAB/><TAB/>Source reference file<CR/><TAB/><TAB/><TAB/>Clone reference file (optional) [Default: create new clone]<CR/><TAB/><TAB/><TAB/>FMDataMigration tool reference file<CR/><TAB/><TAB/><TAB/>Target reference folder (optional) [Default: next to clone]<CR/><TAB/>Outputs: CLI command<CR/><CR/><CR/><TAB/>Version: 0.9<CR/><TAB/>Notes: The CLI command includes the account and password used in the migration process in plain text<CR/><CR/>### HEADER ###</TargetText>
	<Comment>com.fmi.scriptstep.text.### HEADER ###_CR/__TAB/_Purpose: Manage the FMData Migration Process_CR/__CR/__TAB/_Inputs: _CR/__TAB/__TAB/_Parameters: _CR/__TAB/__TAB/__TAB/_&quot;Open&quot; (optional) to open the Mirgation AddOn_CR/__TAB/__TAB/__TAB/_&quot;Install&quot; (optional) to install the FMDataMigration tool_CR/__TAB/__TAB/_Fields: _CR/__TAB/__TAB/__TAB/_Source reference file_CR/__TAB/__TAB/__TAB/_Clone reference file (optional) [Default: create new clone]_CR/__TAB/__TAB/__TAB/_FMDataMigration tool reference file_CR/__TAB/__TAB/__TAB/_Target reference folder (optional) [Default: next to clone]_CR/__TAB/_Outputs: CLI command_CR/__CR/__CR/__TAB/_Version: 0.9_CR/__TAB/_Notes: The CLI command includes the account and password used in the migration process in plain text_CR/__CR/_### HEADER ###</Comment>
</DynamicTemplateString>

<DynamicTemplateString>
	<StringID>com.fmi.scriptstep.text.B2FF38E03CB6E36ABEEC14CE57A23EFC</StringID>
	<SourceText>### SOURCE : PRODUCTION ###</SourceText>
	<TargetText>### SOURCE : PRODUCTION ###</TargetText>
	<Comment>com.fmi.scriptstep.text.### SOURCE : PRODUCTION ###</Comment>
</DynamicTemplateString>

<DynamicTemplateString>
	<StringID>com.fmi.scriptstep.text.BA1B7D3B15813E37351F1DA4F9F88190</StringID>
	<SourceText>To save an account and password for the development and production FileMaker files, add them here.</SourceText>
	<TargetText>To save an account and password for the development and production FileMaker files, add them here.</TargetText>
	<Comment>com.fmi.scriptstep.text.To save an account and password for the development and production FileMaker files, add them here.</Comment>
</DynamicTemplateString>

<DynamicTemplateString>
	<StringID>com.fmi.scriptstep.text.BEECBADA0337BFE14EE6D41B696CBE6F</StringID>
	<SourceText>The FMDataMigration Tool requires a Claris Development account</SourceText>
	<TargetText>The FMDataMigration Tool requires a Claris Development account</TargetText>
	<Comment>com.fmi.scriptstep.text.The FMDataMigration Tool requires a Claris Development account</Comment>
</DynamicTemplateString>

<DynamicTemplateString>
	<StringID>com.fmi.scriptstep.text.CC2EF6BF66052E4384F89B46B514CD44</StringID>
	<SourceText>## PERFORM MIGRATION ###</SourceText>
	<TargetText>## PERFORM MIGRATION ###</TargetText>
	<Comment>com.fmi.scriptstep.text.## PERFORM MIGRATION ###</Comment>
</DynamicTemplateString>

<DynamicTemplateString>
	<StringID>com.fmi.scriptstep.text.D234B78BBAC7ECDBB7D3612CA094FF24</StringID>
	<SourceText>### FMDATAMIGRATION TOOL ###</SourceText>
	<TargetText>### FMDATAMIGRATION TOOL ###</TargetText>
	<Comment>com.fmi.scriptstep.text.### FMDATAMIGRATION TOOL ###</Comment>
</DynamicTemplateString>

<DynamicTemplateString>
	<StringID>com.fmi.scriptstep.text.E7521D90201665B2CA9BD8F92489AA9B</StringID>
	<SourceText>## DEVELOPER ###</SourceText>
	<TargetText>## DEVELOPER ###</TargetText>
	<Comment>com.fmi.scriptstep.text.## DEVELOPER ###</Comment>
</DynamicTemplateString>

<DynamicTemplateString>
	<StringID>com.fmi.scriptstep.text.FF1D3D5F3CEDF778EE0466BEEB6AB4D5</StringID>
	<SourceText>### CLONE : DEVELOPMENT ###</SourceText>
	<TargetText>### CLONE : DEVELOPMENT ###</TargetText>
	<Comment>com.fmi.scriptstep.text.### CLONE : DEVELOPMENT ###</Comment>
</DynamicTemplateString>

<DynamicTemplateString>
	<StringID>com.fmi.tableoccurrence.91723F7FCE9CC3220CD23C831D60F8D0</StringID>
	<SourceText>ic.Migrate</SourceText>
	<TargetText>ic.Migrate</TargetText>
	<Comment>com.fmi.tableoccurrence.ic.Migrate</Comment>
</DynamicTemplateString>

<DynamicTemplateString>
	<StringID>com.fmi.tableoccurrence.field.ic.Migrate::32B44D4445965C97B7D6CB59F18F2114</StringID>
	<SourceText>ic.Migrate::options</SourceText>
	<TargetText>ic.Migrate::options</TargetText>
	<Comment>com.fmi.tableoccurrence.field.ic.Migrate::ic.Migrate::options</Comment>
</DynamicTemplateString>

<DynamicTemplateString>
	<StringID>com.fmi.tableoccurrence.field.ic.Migrate::472850B2B838DE2D63D65372AD546A4D</StringID>
	<SourceText>target.folder</SourceText>
	<TargetText>target.folder</TargetText>
	<Comment>com.fmi.tableoccurrence.field.ic.Migrate::target.folder</Comment>
</DynamicTemplateString>

<DynamicTemplateString>
	<StringID>com.fmi.tableoccurrence.field.ic.Migrate::5E94AF5F6F625EEF6CD601910DC0C173</StringID>
	<SourceText>ic.Migrate::source</SourceText>
	<TargetText>ic.Migrate::source</TargetText>
	<Comment>com.fmi.tableoccurrence.field.ic.Migrate::ic.Migrate::source</Comment>
</DynamicTemplateString>

<DynamicTemplateString>
	<StringID>com.fmi.tableoccurrence.field.ic.Migrate::744C65BC412A136121F89A1EAD0A8EFD</StringID>
	<SourceText>ic.Migrate::clone</SourceText>
	<TargetText>ic.Migrate::clone</TargetText>
	<Comment>com.fmi.tableoccurrence.field.ic.Migrate::ic.Migrate::clone</Comment>
</DynamicTemplateString>

<DynamicTemplateString>
	<StringID>com.fmi.tableoccurrence.field.ic.Migrate::7BE09D02C06EFAF256407F8CDB2E324B</StringID>
	<SourceText>clone</SourceText>
	<TargetText>clone</TargetText>
	<Comment>com.fmi.tableoccurrence.field.ic.Migrate::clone</Comment>
</DynamicTemplateString>

<DynamicTemplateString>
	<StringID>com.fmi.tableoccurrence.field.ic.Migrate::7D495466EBD5F10C66D5C1061EC9A516</StringID>
	<SourceText>ic.Migrate::FMDataMigration</SourceText>
	<TargetText>ic.Migrate::FMDataMigration</TargetText>
	<Comment>com.fmi.tableoccurrence.field.ic.Migrate::ic.Migrate::FMDataMigration</Comment>
</DynamicTemplateString>

<DynamicTemplateString>
	<StringID>com.fmi.tableoccurrence.field.ic.Migrate::7F797E1E64B922199418EB159903A6F5</StringID>
	<SourceText>ic.Migrate::target.folder</SourceText>
	<TargetText>ic.Migrate::target.folder</TargetText>
	<Comment>com.fmi.tableoccurrence.field.ic.Migrate::ic.Migrate::target.folder</Comment>
</DynamicTemplateString>

<DynamicTemplateString>
	<StringID>com.fmi.tableoccurrence.field.ic.Migrate::91F127C4B704FC5AC212BA970EB65F39</StringID>
	<SourceText>source</SourceText>
	<TargetText>source</TargetText>
	<Comment>com.fmi.tableoccurrence.field.ic.Migrate::source</Comment>
</DynamicTemplateString>

<DynamicTemplateString>
	<StringID>com.fmi.tableoccurrence.field.ic.Migrate::96EF77A18A8B1C6CABA62972049F8653</StringID>
	<SourceText>install.FMDataMigration</SourceText>
	<TargetText>install.FMDataMigration</TargetText>
	<Comment>com.fmi.tableoccurrence.field.ic.Migrate::install.FMDataMigration</Comment>
</DynamicTemplateString>

<DynamicTemplateString>
	<StringID>com.fmi.tableoccurrence.field.ic.Migrate::A5C93A7A964D2B71626A5618C0D80D36</StringID>
	<SourceText>FMDataMigration</SourceText>
	<TargetText>FMDataMigration</TargetText>
	<Comment>com.fmi.tableoccurrence.field.ic.Migrate::FMDataMigration</Comment>
</DynamicTemplateString>

<DynamicTemplateString>
	<StringID>com.fmi.tableoccurrence.field.ic.Migrate::BF27CA10BA6CC8943349796AD49F4166</StringID>
	<SourceText>result</SourceText>
	<TargetText>result</TargetText>
	<Comment>com.fmi.tableoccurrence.field.ic.Migrate::result</Comment>
</DynamicTemplateString>

<DynamicTemplateString>
	<StringID>com.fmi.tableoccurrence.field.ic.Migrate::FFB5115282332A329739F7F5E0AD025E</StringID>
	<SourceText>options</SourceText>
	<TargetText>options</TargetText>
	<Comment>com.fmi.tableoccurrence.field.ic.Migrate::options</Comment>
</DynamicTemplateString>

<DynamicTemplateString>
	<StringID>com.fmi.valuelist.74A44283499655BF39469F3C7CF8E945</StringID>
	<SourceText>ic.migration.options</SourceText>
	<TargetText>ic.migration.options</TargetText>
	<Comment>com.fmi.valuelist.ic.migration.options</Comment>
</DynamicTemplateString>

<DynamicTemplateString>
	<StringID>com.fmi.valuelist.text.40822680A0F937D25302764A1C9A9329</StringID>
	<SourceText>force<CR/>ignore_valuelists<CR/>ignore_accounts<CR/>ignore_fonts<CR/>rebuildindexes<CR/>reevaluate<CR/>v<CR/>q</SourceText>
	<TargetText>force<CR/>ignore_valuelists<CR/>ignore_accounts<CR/>ignore_fonts<CR/>rebuildindexes<CR/>reevaluate<CR/>v<CR/>q</TargetText>
	<Comment>com.fmi.valuelist.text.force_CR/_ignore_valuelists_CR/_ignore_accounts_CR/_ignore_fonts_CR/_rebuildindexes_CR/_reevaluate_CR/_v_CR/_q</Comment>
</DynamicTemplateString>
